id,name,description,cover_pic_url
1,Campaign 1,Description for campaign 1,https://example.com/image1.jpg
2,Campaign 2,Description for campaign 2,https://example.com/image2.jpg
3,Campaign 3,Description for campaign 3,https://example.com/image3.jpg
4,Campaign 4,Description for campaign 4,https://example.com/image4.jpg
5,Campaign 5,Description for campaign 5,https://example.com/image5.jpg
6,Campaign 6,Description for campaign 6,https://example.com/image6.jpg
7,Campaign 7,Description for campaign 7,https://example.com/image7.jpg
8,Campaign 8,Description for campaign 8,https://example.com/image8.jpg
9,Campaign 9,Description for campaign 9,https://example.com/image9.jpg
10,Campaign 10,Description for campaign 10,https://example.com/image10.jpg
11,Campaign 11,Description for campaign 11,https://example.com/image11.jpg
12,Campaign 12,Description for campaign 12,https://example.com/image12.jpg
13,Campaign 13,Description for campaign 13,https://example.com/image13.jpg
14,Campaign 14,Description for campaign 14,https://example.com/image14.jpg
15,Campaign 15,Description for campaign 15,https://example.com/image15.jpg
16,Campaign 16,Description for campaign 16,https://example.com/image16.jpg
17,Campaign 17,Description for campaign 17,https://example.com/image17.jpg
18,Campaign 18,Description for campaign 18,https://example.com/image18.jpg
19,Campaign 19,Description for campaign 19,https://example.com/image19.jpg
20,Campaign 20,Description for campaign 20,https://example.com/image20.jpg
21,Campaign 21,Description for campaign 21,https://example.com/image21.jpg
22,Campaign 22,Description for campaign 22,https://example.com/image22.jpg
23,Campaign 23,Description for campaign 23,https://example.com/image23.jpg
24,Campaign 24,Description for campaign 24,https://example.com/image24.jpg
25,Campaign 25,Description for campaign 25,https://example.com/image25.jpg
26,Campaign 26,Description for campaign 26,https://example.com/image26.jpg
27,Campaign 27,Description for campaign 27,https://example.com/image27.jpg
28,Campaign 28,Description for campaign 28,https://example.com/image28.jpg
29,Campaign 29,Description for campaign 29,https://example.com/image29.jpg
30,Campaign 30,Description for campaign 30,https://example.com/image30.jpg
31,Campaign 31,Description for campaign 31,https://example.com/image31.jpg
32,Campaign 32,Description for campaign 32,https://example.com/image32.jpg
33,Campaign 33,Description for campaign 33,https://example.com/image33.jpg
34,Campaign 34,Description for campaign 34,https://example.com/image34.jpg
35,Campaign 35,Description for campaign 35,https://example.com/image35.jpg
36,Campaign 36,Description for campaign 36,https://example.com/image36.jpg
37,Campaign 37,Description for campaign 37,https://example.com/image37.jpg
38,Campaign 38,Description for campaign 38,https://example.com/image38.jpg
39,Campaign 39,Description for campaign 39,https://example.com/image39.jpg
40,Campaign 40,Description for campaign 40,https://example.com/image40.jpg
41,Campaign 41,Description for campaign 41,https://example.com/image41.jpg
42,Campaign 42,Description for campaign 42,https://example.com/image42.jpg
43,Campaign 43,Description for campaign 43,https://example.com/image43.jpg
44,Campaign 44,Description for campaign 44,https://example.com/image44.jpg
45,Campaign 45,Description for campaign 45,https://example.com/image45.jpg
46,Campaign 46,Description for campaign 46,https://example.com/image46.jpg
47,Campaign 47,Description for campaign 47,https://example.com/image47.jpg
48,Campaign 48,Description for campaign 48,https://example.com/image48.jpg
49,Campaign 49,Description for campaign 49,https://example.com/image49.jpg
50,Campaign 50,Description for campaign 50,https://example.com/image50.jpg
51,Campaign 51,Description for campaign 51,https://example.com/image51.jpg
52,Campaign 52,Description for campaign 52,https://example.com/image52.jpg
53,Campaign 53,Description for campaign 53,https://example.com/image53.jpg
54,Campaign 54,Description for campaign 54,https://example.com/image54.jpg
55,Campaign 55,Description for campaign 55,https://example.com/image55.jpg
56,Campaign 56,Description for campaign 56,https://example.com/image56.jpg
57,Campaign 57,Description for campaign 57,https://example.com/image57.jpg
58,Campaign 58,Description for campaign 58,https://example.com/image58.jpg
59,Campaign 59,Description for campaign 59,https://example.com/image59.jpg
60,Campaign 60,Description for campaign 60,https://example.com/image60.jpg
61,Campaign 61,Description for campaign 61,https://example.com/image61.jpg
62,Campaign 62,Description for campaign 62,https://example.com/image62.jpg
63,Campaign 63,Description for campaign 63,https://example.com/image63.jpg
64,Campaign 64,Description for campaign 64,https://example.com/image64.jpg
65,Campaign 65,Description for campaign 65,https://example.com/image65.jpg
66,Campaign 66,Description for campaign 66,https://example.com/image66.jpg
67,Campaign 67,Description for campaign 67,https://example.com/image67.jpg
68,Campaign 68,Description for campaign 68,https://example.com/image68.jpg
69,Campaign 69,Description for campaign 69,https://example.com/image69.jpg
70,Campaign 70,Description for campaign 70,https://example.com/image70.jpg
71,Campaign 71,Description for campaign 71,https://example.com/image71.jpg
72,Campaign 72,Description for campaign 72,https://example.com/image72.jpg
73,Campaign 73,Description for campaign 73,https://example.com/image73.jpg
74,Campaign 74,Description for campaign 74,https://example.com/image74.jpg
75,Campaign 75,Description for campaign 75,https://example.com/image75.jpg
76,Campaign 76,Description for campaign 76,https://example.com/image76.jpg
77,Campaign 77,Description for campaign 77,https://example.com/image77.jpg
78,Campaign 78,Description for campaign 78,https://example.com/image78.jpg
79,Campaign 79,Description for campaign 79,https://example.com/image79.jpg
80,Campaign 80,Description for campaign 80,https://example.com/image80.jpg
81,Campaign 81,Description for campaign 81,https://example.com/image81.jpg
82,Campaign 82,Description for campaign 82,https://example.com/image82.jpg
83,Campaign 83,Description for campaign 83,https://example.com/image83.jpg
84,Campaign 84,Description for campaign 84,https://example.com/image84.jpg
85,Campaign 85,Description for campaign 85,https://example.com/image85.jpg
86,Campaign 86,Description for campaign 86,https://example.com/image86.jpg
87,Campaign 87,Description for campaign 87,https://example.com/image87.jpg
88,Campaign 88,Description for campaign 88,https://example.com/image88.jpg
89,Campaign 89,Description for campaign 89,https://example.com/image89.jpg
90,Campaign 90,Description for campaign 90,https://example.com/image90.jpg
91,Campaign 91,Description for campaign 91,https://example.com/image91.jpg
92,Campaign 92,Description for campaign 92,https://example.com/image92.jpg
93,Campaign 93,Description for campaign 93,https://example.com/image93.jpg
94,Campaign 94,Description for campaign 94,https://example.com/image94.jpg
95,Campaign 95,Description for campaign 95,https://example.com/image95.jpg
96,Campaign 96,Description for campaign 96,https://example.com/image96.jpg
97,Campaign 97,Description for campaign 97,https://example.com/image97.jpg
98,Campaign 98,Description for campaign 98,https://example.com/image98.jpg
99,Campaign 99,Description for campaign 99,https://example.com/image99.jpg
100,Campaign 100,Description for campaign 100,https://example.com/image100.jpg
