id,name,third_party_id
1,method-1,2
2,method-2,3
3,method-3,4
4,method-4,5
5,method-5,6
6,method-6,7
7,method-7,8
8,method-8,9
9,method-9,10
10,method-10,1
11,method-11,2
12,method-12,3
13,method-13,4
14,method-14,5
15,method-15,6
16,method-16,7
17,method-17,8
18,method-18,9
19,method-19,10
20,method-20,1
21,method-21,2
22,method-22,3
23,method-23,4
24,method-24,5
25,method-25,6
26,method-26,7
27,method-27,8
28,method-28,9
29,method-29,10
30,method-30,1
31,method-31,2
32,method-32,3
33,method-33,4
34,method-34,5
35,method-35,6
36,method-36,7
37,method-37,8
38,method-38,9
39,method-39,10
40,method-40,1
41,method-41,2
42,method-42,3
43,method-43,4
44,method-44,5
45,method-45,6
46,method-46,7
47,method-47,8
48,method-48,9
49,method-49,10
50,method-50,1
